image,resolution,message_size,payload_size,mse,psnr,extraction_ok
cover_01_solid.png,256x256,16,60,0.0013682047526041667,76.77,True
cover_01_solid.png,256x256,256,300,0.00592041015625,70.41,True
cover_01_solid.png,256x256,1024,1068,0.021942138671875,64.72,True
cover_02_hgradient.png,256x256,16,60,0.0013376871744791667,76.87,True
cover_02_hgradient.png,256x256,256,300,0.006134033203125,70.25,True
cover_02_hgradient.png,256x256,1024,1068,0.0219268798828125,64.72,True
cover_03_vgradient.png,256x256,16,60,0.0012105305989583333,77.30,True
cover_03_vgradient.png,256x256,256,300,0.006266276041666667,70.16,True
cover_03_vgradient.png,256x256,1024,1068,0.021947224934895832,64.72,True
cover_04_noise.png,256x256,16,60,0.0013478597005208333,76.83,True
cover_04_noise.png,256x256,256,300,0.006322224934895833,70.12,True
cover_04_noise.png,256x256,1024,1068,0.022191365559895832,64.67,True
cover_05_checker.png,256x256,16,60,0.0013224283854166667,76.92,True
cover_05_checker.png,256x256,256,300,0.006154378255208333,70.24,True
cover_05_checker.png,256x256,1024,1068,0.02166748046875,64.77,True
